loc_id,am_trip_count,pm_trip_count,borough_name,zone_name,pm_minus_am,pm_am_ratio,pm_increase_pct
1,1242,3333,EWR,Newark Airport,2091,2.683574879227053,168.3574879227053
2,20,23,Queens,Jamaica Bay,3,1.15,15.0
3,2209,1335,Bronx,Allerton/Pelham Gardens,-874,0.6043458578542327,-39.565414214576734
4,38400,31999,Manhattan,Alphabet City,-6401,0.8333072916666666,-16.669270833333332
5,3,7,Staten Island,Arden Heights,4,2.3333333333333335,133.33333333333331
6,430,432,Staten Island,Arrochar/Fort Wadsworth,2,1.0046511627906978,0.46511627906976744
7,31957,26312,Queens,Astoria,-5645,0.8233563851425353,-17.664361485746472
8,121,180,Queens,Astoria Park,59,1.487603305785124,48.760330578512395
9,876,611,Queens,Auburndale,-265,0.6974885844748858,-30.251141552511417
10,8238,7805,Queens,Baisley Park,-433,0.9474386987132799,-5.256130128672008
11,1539,1191,Brooklyn,Bath Beach,-348,0.7738791423001949,-22.612085769980506
12,2036,11477,Manhattan,Battery Park,9441,5.6370333988212185,463.70333988212184
13,64434,122047,Manhattan,Battery Park City,57613,1.8941397398888786,89.41397398888785
14,8361,7101,Brooklyn,Bay Ridge,-1260,0.8493003229278795,-15.069967707212056
15,709,626,Queens,Bay Terrace/Fort Totten,-83,0.8829337094499294,-11.706629055007053
16,1128,1094,Queens,Bayside,-34,0.9698581560283688,-3.0141843971631204
17,15579,15081,Brooklyn,Bedford,-498,0.9680338917773926,-3.1966108222607357
18,4965,2882,Bronx,Bedford Park,-2083,0.5804632426988923,-41.953675730110774
19,1815,1531,Queens,Bellerose,-284,0.843526170798898,-15.647382920110193
20,2199,1844,Bronx,Belmont,-355,0.8385629831741701,-16.143701682582993
21,2768,2406,Brooklyn,Bensonhurst East,-362,0.8692196531791907,-13.078034682080924
22,4070,3190,Brooklyn,Bensonhurst West,-880,0.7837837837837838,-21.62162162162162
23,130,103,Staten Island,Bloomfield/Emerson Hill,-27,0.7923076923076923,-20.76923076923077
24,42777,48174,Manhattan,Bloomingdale,5397,1.1261659302896416,12.616593028964163
25,12415,16192,Brooklyn,Boerum Hill,3777,1.3042287555376562,30.422875553765603
26,4405,5532,Brooklyn,Borough Park,1127,1.2558456299659477,25.58456299659478
27,49,119,Queens,Breezy Point/Fort Tilden/Riis Beach,70,2.4285714285714284,142.85714285714286
28,4796,4541,Queens,Briarwood/Jamaica Hills,-255,0.9468306922435363,-5.316930775646371
29,2663,3055,Brooklyn,Brighton Beach,392,1.1472024033045438,14.720240330454375
30,56,73,Queens,Broad Channel,17,1.3035714285714286,30.357142857142854
31,336,580,Bronx,Bronx Park,244,1.7261904761904763,72.61904761904762
32,3193,1912,Bronx,Bronxdale,-1281,0.5988098966489195,-40.119010335108044
33,15194,21243,Brooklyn,Brooklyn Heights,6049,1.3981176780308016,39.81176780308016
34,779,2349,Brooklyn,Brooklyn Navy Yard,1570,3.0154043645699615,201.54043645699616
35,14897,10356,Brooklyn,Brownsville,-4541,0.6951735248707793,-30.482647512922068
36,7294,7281,Brooklyn,Bushwick North,-13,0.9982177131889224,-0.1782286811077598
37,18657,15821,Brooklyn,Bushwick South,-2836,0.8479927105108003,-15.200728948919975
38,2318,1231,Queens,Cambria Heights,-1087,0.5310612597066436,-46.893874029335635
39,19354,11252,Brooklyn,Canarsie,-8102,0.5813785264028107,-41.86214735971892
40,6588,3889,Brooklyn,Carroll Gardens,-2699,0.5903157255616271,-40.96842744383728
41,65131,75888,Manhattan,Central Harlem,10757,1.165159447881961,16.515944788196098
42,55558,48306,Manhattan,Central Harlem North,-7252,0.8694697433312935,-13.053025666870658
43,121654,322970,Manhattan,Central Park,201316,2.654824337876272,165.4824337876272
44,6,6,Staten Island,Charleston/Tottenville,0,1.0,0.0
45,16071,38083,Manhattan,Chinatown,22012,2.3696720801443596,136.96720801443593
46,168,290,Bronx,City Island,122,1.7261904761904763,72.61904761904762
47,4068,2843,Bronx,Claremont/Bathgate,-1225,0.6988692232055064,-30.11307767944936
48,226559,293573,Manhattan,Clinton East,67014,1.2957905004877317,29.57905004877317
49,13573,14231,Brooklyn,Clinton Hill,658,1.0484785972150592,4.847859721505931
50,95704,112402,Manhattan,Clinton West,16698,1.174475466020229,17.447546602022904
51,7497,3291,Bronx,Co-Op City,-4206,0.43897559023609445,-56.102440976390554
52,6410,5040,Brooklyn,Cobble Hill,-1370,0.7862714508580343,-21.37285491419657
53,1163,1177,Queens,College Point,14,1.0120378331900257,1.2037833190025795
54,2098,1203,Brooklyn,Columbia Street,-895,0.5734032411820782,-42.65967588179218
55,7449,5373,Brooklyn,Coney Island,-2076,0.7213048731373338,-27.869512686266614
56,4906,3099,Queens,Corona,-1807,0.6316754993885039,-36.832450061149615
57,167,186,Queens,Corona,19,1.1137724550898203,11.377245508982035
58,277,149,Bronx,Country Club,-128,0.5379061371841155,-46.20938628158845
59,135,88,Bronx,Crotona Park,-47,0.6518518518518519,-34.81481481481482
60,3480,1967,Bronx,Crotona Park East,-1513,0.5652298850574713,-43.47701149425288
61,31662,25016,Brooklyn,Crown Heights North,-6646,0.7900953824774177,-20.990461752258227
62,9839,7421,Brooklyn,Crown Heights South,-2418,0.7542433174103059,-24.575668258969408
63,7641,3981,Brooklyn,Cypress Hills,-3660,0.5210051040439733,-47.89948959560267
64,648,507,Queens,Douglaston,-141,0.7824074074074074,-21.75925925925926
65,13272,23276,Brooklyn,Downtown Brooklyn/MetroTech,10004,1.753767329716697,75.37673297166968
66,9351,21174,Brooklyn,DUMBO/Vinegar Hill,11823,2.2643567532884186,126.43567532884184
67,2193,1638,Brooklyn,Dyker Heights,-555,0.746922024623803,-25.3077975376197
68,221372,432200,Manhattan,East Chelsea,210828,1.9523697667274995,95.23697667274995
69,8872,5757,Bronx,East Concourse/Concourse Village,-3115,0.6488954012623985,-35.11045987376015
70,26124,47487,Queens,East Elmhurst,21363,1.8177537896187415,81.77537896187414
71,12908,8354,Brooklyn,East Flatbush/Farragut,-4554,0.6471955376510691,-35.280446234893084
72,14218,9032,Brooklyn,East Flatbush/Remsen Village,-5186,0.6352510901673935,-36.47489098326066
73,717,450,Queens,East Flushing,-267,0.6276150627615062,-37.238493723849366
74,62530,68004,Manhattan,East Harlem North,5474,1.0875419798496722,8.754197984967217
75,114443,147353,Manhattan,East Harlem South,32910,1.2875667362791958,28.756673627919575
76,26406,17812,Brooklyn,East New York,-8594,0.6745436643187155,-32.54563356812846
77,7220,4528,Brooklyn,East New York/Pennsylvania Avenue,-2692,0.6271468144044321,-37.285318559556785
78,5598,3495,Bronx,East Tremont,-2103,0.6243301178992497,-37.566988210075024
79,164345,230801,Manhattan,East Village,66456,1.4043688581946514,40.436885819465154
80,10422,10970,Brooklyn,East Williamsburg,548,1.0525810784878142,5.258107848781424
81,4094,1961,Bronx,Eastchester,-2133,0.4789936492427943,-52.10063507572057
82,6780,8179,Queens,Elmhurst,1399,1.2063421828908554,20.634218289085545
83,3910,3682,Queens,Elmhurst/Maspeth,-228,0.9416879795396419,-5.831202046035806
84,11,5,Staten Island,Eltingville/Annadale/Prince's Bay,-6,0.45454545454545453,-54.54545454545454
85,7893,5882,Brooklyn,Erasmus,-2011,0.745217281135183,-25.47827188648169
86,5162,3259,Queens,Far Rockaway,-1903,0.6313444401394808,-36.865555986051916
87,55470,102076,Manhattan,Financial District North,46606,1.840201910942852,84.0201910942852
88,21255,67115,Manhattan,Financial District South,45860,3.157609974123736,215.76099741237357
89,20479,14908,Brooklyn,Flatbush/Ditmas Park,-5571,0.7279652326773768,-27.203476732262317
90,136491,224265,Manhattan,Flatiron,87774,1.6430753676066554,64.30753676066554
91,13450,8413,Brooklyn,Flatlands,-5037,0.6255018587360595,-37.44981412639405
92,2945,4125,Queens,Flushing,1180,1.400679117147708,40.0679117147708
93,1329,5241,Queens,Flushing Meadows-Corona Park,3912,3.943566591422122,294.3566591422122
94,2328,1349,Bronx,Fordham South,-979,0.5794673539518901,-42.053264604811
95,8668,8624,Queens,Forest Hills,-44,0.9949238578680203,-0.5076142131979695
96,322,321,Queens,Forest Park/Highland Park,-1,0.9968944099378882,-0.3105590062111801
97,13992,18688,Brooklyn,Fort Greene,4696,1.335620354488279,33.562035448827906
98,961,911,Queens,Fresh Meadows,-50,0.9479708636836629,-5.202913631633715
99,3,3,Staten Island,Freshkills Park,0,1.0,0.0
100,148298,217786,Manhattan,Garment District,69488,1.4685700414031206,46.85700414031208
101,967,1035,Queens,Glen Oaks,68,1.0703205791106516,7.0320579110651495
102,2761,2240,Queens,Glendale,-521,0.8113002535313292,-18.869974646867078
105,1,6,Manhattan,Governor's Island/Ellis Island/Liberty Island,5,6.0,500.0
106,3259,3696,Brooklyn,Gowanus,437,1.134090211721387,13.409021172138694
107,201317,276587,Manhattan,Gramercy,75270,1.3738879478633201,37.388794786332
108,2933,1740,Brooklyn,Gravesend,-1193,0.5932492328673713,-40.67507671326287
109,57,14,Staten Island,Great Kills,-43,0.24561403508771928,-75.43859649122807
111,47,46,Brooklyn,Green-Wood Cemetery,-1,0.9787234042553191,-2.127659574468085
112,11578,14221,Brooklyn,Greenpoint,2643,1.228277768181033,22.8277768181033
113,115792,211600,Manhattan,Greenwich Village North,95808,1.8274146745889182,82.7414674588918
114,51688,141175,Manhattan,Greenwich Village South,89487,2.7312915957282153,173.12915957282152
115,249,54,Staten Island,Grymes Hill/Clifton,-195,0.21686746987951808,-78.3132530120482
116,35424,27503,Manhattan,Hamilton Heights,-7921,0.7763945347786811,-22.360546522131887
117,5533,2762,Queens,Hammels/Arverne,-2771,0.49918669799385507,-50.081330200614495
118,107,78,Staten Island,Heartland Village/Todt Hill,-29,0.7289719626168224,-27.102803738317753
119,5328,2769,Bronx,Highbridge,-2559,0.5197072072072072,-48.02927927927928
120,347,339,Manhattan,Highbridge Park,-8,0.9769452449567724,-2.3054755043227666
121,3158,3001,Queens,Hillcrest/Pomonok,-157,0.9502849905003167,-4.971500949968334
122,2885,1305,Queens,Hollis,-1580,0.45233968804159447,-54.76603119584056
123,3204,3882,Brooklyn,Homecrest,678,1.2116104868913857,21.161048689138575
124,2210,2010,Queens,Howard Beach,-200,0.9095022624434389,-9.049773755656108
125,44864,76235,Manhattan,Hudson Sq,31371,1.6992466119828815,69.92466119828816
126,3339,2822,Bronx,Hunts Point,-517,0.845163222521713,-15.483677747828692
127,7150,6564,Manhattan,Inwood,-586,0.9180419580419581,-8.195804195804197
128,448,700,Manhattan,Inwood Hill Park,252,1.5625,56.25
129,15993,13855,Queens,Jackson Heights,-2138,0.8663165134746451,-13.368348652535483
130,9308,16503,Queens,Jamaica,7195,1.772990975504942,77.2990975504942
131,3785,2506,Queens,Jamaica Estates,-1279,0.6620871862615588,-33.79128137384412
132,318219,718535,Queens,JFK Airport,400316,2.2579889950002987,125.79889950002985
133,5594,3407,Brooklyn,Kensington,-2187,0.6090454057919199,-39.09545942080801
134,3780,5238,Queens,Kew Gardens,1458,1.3857142857142857,38.57142857142858
135,2844,2037,Queens,Kew Gardens Hills,-807,0.7162447257383966,-28.375527426160335
136,3102,2177,Bronx,Kingsbridge Heights,-925,0.7018052869116699,-29.819471308833013
137,125225,187911,Manhattan,Kips Bay,62686,1.500586943501697,50.058694350169695
138,238671,500901,Queens,LaGuardia Airport,262230,2.098709101650389,109.8709101650389
139,2796,1727,Queens,Laurelton,-1069,0.6176680972818311,-38.23319027181688
140,272041,397670,Manhattan,Lenox Hill East,125629,1.4618017137122714,46.18017137122713
141,278969,384463,Manhattan,Lenox Hill West,105494,1.3781567127530299,37.81567127530299
142,280152,489304,Manhattan,Lincoln Square East,209152,1.7465661498043918,74.6566149804392
143,178954,211322,Manhattan,Lincoln Square West,32368,1.1808732970484035,18.08732970484035
144,43243,165328,Manhattan,Little Italy/NoLiTa,122085,3.8232315056772195,282.32315056772194
145,22917,31121,Queens,Long Island City/Hunters Point,8204,1.3579875201815246,35.79875201815246
146,14284,14903,Queens,Long Island City/Queens Plaza,619,1.0433352002240268,4.333520022402689
147,3008,2042,Bronx,Longwood,-966,0.6788563829787234,-32.11436170212766
148,56195,102109,Manhattan,Lower East Side,45914,1.817047780051606,81.7047780051606
149,2702,2513,Brooklyn,Madison,-189,0.9300518134715026,-6.994818652849741
150,1120,1622,Brooklyn,Manhattan Beach,502,1.4482142857142857,44.82142857142858
151,117409,150533,Manhattan,Manhattan Valley,33124,1.282124879694061,28.21248796940609
152,18564,21619,Manhattan,Manhattanville,3055,1.1645658263305323,16.45658263305322
153,915,688,Manhattan,Marble Hill,-227,0.7519125683060109,-24.808743169398905
154,141,292,Brooklyn,Marine Park/Floyd Bennett Field,151,2.0709219858156027,107.0921985815603
155,4421,4567,Brooklyn,Marine Park/Mill Basin,146,1.0330242026690795,3.302420266907939
156,67,41,Staten Island,Mariners Harbor,-26,0.6119402985074627,-38.80597014925373
157,5550,3152,Queens,Maspeth,-2398,0.5679279279279279,-43.20720720720721
158,62176,130802,Manhattan,Meatpacking/West Village West,68626,2.103737776634071,110.3737776634071
159,6376,6006,Bronx,Melrose South,-370,0.9419698870765371,-5.803011292346299
160,3325,2497,Queens,Middle Village,-828,0.7509774436090225,-24.902255639097746
161,315919,804979,Manhattan,Midtown Center,489060,2.548055039424663,154.80550394246626
162,323452,551897,Manhattan,Midtown East,228445,1.706271718833088,70.6271718833088
163,208601,469236,Manhattan,Midtown North,260635,2.249442715998485,124.9442715998485
164,167111,332313,Manhattan,Midtown South,165202,1.9885764551705154,98.85764551705154
165,5030,5157,Brooklyn,Midwood,127,1.0252485089463221,2.524850894632207
166,65784,111441,Manhattan,Morningside Heights,45657,1.69404414447282,69.40441444728201
167,6476,3626,Bronx,Morrisania/Melrose,-2850,0.5599135268684373,-44.00864731315627
168,10698,10720,Bronx,Mott Haven/Port Morris,22,1.0020564591512433,0.2056459151243223
169,5273,3722,Bronx,Mount Hope,-1551,0.7058600417219799,-29.413995827802008
170,287499,472451,Manhattan,Murray Hill,184952,1.643313541960146,64.33135419601459
171,1487,1040,Queens,Murray Hill-Queens,-447,0.699394754539341,-30.060524546065903
172,126,40,Staten Island,New Dorp/Midland Beach,-86,0.31746031746031744,-68.25396825396825
173,2005,1645,Queens,North Corona,-360,0.8204488778054863,-17.955112219451372
174,3703,2915,Bronx,Norwood,-788,0.7871995679179044,-21.28004320820956
175,1118,700,Queens,Oakland Gardens,-418,0.6261180679785331,-37.38819320214669
176,83,8,Staten Island,Oakwood,-75,0.0963855421686747,-90.36144578313254
177,14054,8484,Brooklyn,Ocean Hill,-5570,0.6036715525828945,-39.63284474171054
178,1424,1146,Brooklyn,Ocean Parkway South,-278,0.8047752808988764,-19.52247191011236
179,14780,10839,Queens,Old Astoria,-3941,0.7333558863328823,-26.66441136671177
180,1989,1889,Queens,Ozone Park,-100,0.9497234791352438,-5.027652086475616
181,10802,15733,Brooklyn,Park Slope,4931,1.456489538974264,45.6489538974264
182,8170,2795,Bronx,Parkchester,-5375,0.34210526315789475,-65.78947368421053
183,1465,715,Bronx,Pelham Bay,-750,0.4880546075085324,-51.19453924914675
184,172,185,Bronx,Pelham Bay Park,13,1.0755813953488371,7.55813953488372
185,2890,1737,Bronx,Pelham Parkway,-1153,0.601038062283737,-39.8961937716263
186,398321,504959,Manhattan,Penn Station/Madison Sq West,106638,1.2677187494508197,26.77187494508198
187,27,23,Staten Island,Port Richmond,-4,0.8518518518518519,-14.814814814814813
188,20007,16939,Brooklyn,Prospect-Lefferts Gardens,-3068,0.8466536712150747,-15.334632878492528
189,5630,6179,Brooklyn,Prospect Heights,549,1.0975133214920072,9.75133214920071
190,824,1937,Brooklyn,Prospect Park,1113,2.3507281553398056,135.0728155339806
191,5508,3106,Queens,Queens Village,-2402,0.5639070442992011,-43.60929557007988
192,1074,1028,Queens,Queensboro Hill,-46,0.957169459962756,-4.283054003724395
193,14031,14039,Queens,Queensbridge/Ravenswood,8,1.0005701660608652,0.0570166060865227
194,502,932,Manhattan,Randalls Island,430,1.8565737051792828,85.65737051792829
195,9363,4444,Brooklyn,Red Hook,-4919,0.47463419844067073,-52.53658015593293
196,4090,4854,Queens,Rego Park,764,1.1867970660146698,18.679706601466993
197,10498,11483,Queens,Richmond Hill,985,1.093827395694418,9.3827395694418
198,7122,5304,Queens,Ridgewood,-1818,0.7447346251053075,-25.52653748946925
199,2,8,Bronx,Rikers Island,6,4.0,300.0
200,2227,2034,Bronx,Riverdale/North Riverdale/Fieldston,-193,0.913336326897171,-8.666367310282892
201,1177,1033,Queens,Rockaway Park,-144,0.8776550552251486,-12.234494477485132
202,2437,2107,Manhattan,Roosevelt Island,-330,0.8645876077144029,-13.541239228559704
203,2350,1256,Queens,Rosedale,-1094,0.534468085106383,-46.5531914893617
204,6,5,Staten Island,Rossville/Woodrow,-1,0.8333333333333334,-16.666666666666664
205,7467,4484,Queens,Saint Albans,-2983,0.6005089058524173,-39.94910941475827
206,68,38,Staten Island,Saint George/New Brighton,-30,0.5588235294117647,-44.11764705882353
207,1473,1463,Queens,Saint Michaels Cemetery/Woodside,-10,0.9932111337406653,-0.6788866259334692
208,3199,1579,Bronx,Schuylerville/Edgewater Park,-1620,0.4935917474210691,-50.6408252578931
209,13578,30975,Manhattan,Seaport,17397,2.2812638091029607,128.12638091029606
210,4789,3796,Brooklyn,Sheepshead Bay,-993,0.7926498225099186,-20.735017749008144
211,40209,145632,Manhattan,SoHo,105423,3.6218756994702677,262.18756994702676
212,5085,2139,Bronx,Soundview/Bruckner,-2946,0.4206489675516224,-57.93510324483776
213,8874,4021,Bronx,Soundview/Castle Hill,-4853,0.45312147847644807,-54.6878521523552
214,191,164,Staten Island,South Beach/Dongan Hills,-27,0.8586387434554974,-14.136125654450263
215,7727,5213,Queens,South Jamaica,-2514,0.6746473404943704,-32.535265950562966
216,11997,13936,Queens,South Ozone Park,1939,1.1616237392681503,16.16237392681504
217,2485,2751,Brooklyn,South Williamsburg,266,1.1070422535211268,10.704225352112676
218,5323,3081,Queens,Springfield Gardens North,-2242,0.5788089423257562,-42.11910576742439
219,3766,3793,Queens,Springfield Gardens South,27,1.0071694105151354,0.7169410515135423
220,3338,3172,Bronx,Spuyten Duyvil/Kingsbridge,-166,0.9502696225284601,-4.973037747153984
221,462,98,Staten Island,Stapleton,-364,0.21212121212121213,-78.78787878787878
222,6102,3715,Brooklyn,Starrett City,-2387,0.6088167813831531,-39.1183218616847
223,9214,9669,Queens,Steinway,455,1.0493813761667028,4.938137616670284
224,36495,31261,Manhattan,Stuy Town/Peter Cooper Village,-5234,0.8565830935744623,-14.341690642553775
225,20187,14823,Brooklyn,Stuyvesant Heights,-5364,0.734284440481498,-26.5715559518502
226,26923,29724,Queens,Sunnyside,2801,1.1040374401069717,10.403744010697173
227,3339,3100,Brooklyn,Sunset Park East,-239,0.9284216831386642,-7.157831686133573
228,5824,7871,Brooklyn,Sunset Park West,2047,1.3514766483516483,35.14766483516483
229,205621,252803,Manhattan,Sutton Place/Turtle Bay North,47182,1.229460998633408,22.94609986334081
230,252397,451784,Manhattan,Times Sq/Theatre District,199387,1.7899737318589366,78.99737318589365
231,114759,219860,Manhattan,TriBeCa/Civic Center,105101,1.915841023362002,91.58410233620022
232,34411,37206,Manhattan,Two Bridges/Seward Park,2795,1.0812240272006044,8.122402720060446
233,132810,188149,Manhattan,UN/Turtle Bay South,55339,1.416677960996913,41.66779609969129
234,180393,442285,Manhattan,Union Sq,261892,2.4517858231749567,145.1785823174957
235,6945,3493,Bronx,University Heights/Morris Heights,-3452,0.5029517638588913,-49.70482361411087
236,546086,835406,Manhattan,Upper East Side North,289320,1.5298066604893734,52.980666048937344
237,471141,933326,Manhattan,Upper East Side South,462185,1.9809908286478994,98.09908286478995
238,270307,348573,Manhattan,Upper West Side North,78266,1.2895448508547689,28.954485085476882
239,308150,491634,Manhattan,Upper West Side South,183484,1.5954372870355347,59.54372870355347
240,663,393,Bronx,Van Cortlandt Park,-270,0.5927601809954751,-40.723981900452486
241,4573,2573,Bronx,Van Cortlandt Village,-2000,0.5626503389459874,-43.73496610540127
242,3012,3329,Bronx,Van Nest/Morris Park,317,1.1052456839309428,10.52456839309429
243,17416,14927,Manhattan,Washington Heights North,-2489,0.8570854386770785,-14.291456132292147
244,36336,36085,Manhattan,Washington Heights South,-251,0.9930922501100836,-0.6907749889916336
245,56,25,Staten Island,West Brighton,-31,0.44642857142857145,-55.35714285714286
246,111898,341915,Manhattan,West Chelsea/Hudson Yards,230017,3.0555952742676364,205.55952742676365
247,6848,6064,Bronx,West Concourse,-784,0.8855140186915887,-11.448598130841122
248,4892,1934,Bronx,West Farms/Bronx River,-2958,0.3953393295175797,-60.466067048242024
249,128997,215392,Manhattan,West Village,86395,1.6697442576183943,66.97442576183941
250,4079,2514,Bronx,Westchester Village/Unionport,-1565,0.6163275312576612,-38.36724687423388
251,89,43,Staten Island,Westerleigh,-46,0.48314606741573035,-51.68539325842697
252,919,1042,Queens,Whitestone,123,1.1338411316648531,13.384113166485308
253,44,112,Queens,Willets Point,68,2.5454545454545454,154.54545454545453
254,7681,3562,Bronx,Williamsbridge/Olinville,-4119,0.4637417002994402,-53.62582997005598
255,6998,14665,Brooklyn,Williamsburg (North Side),7667,2.0955987424978564,109.55987424978566
256,11570,14700,Brooklyn,Williamsburg (South Side),3130,1.2705272255834053,27.052722558340538
257,3030,2006,Brooklyn,Windsor Terrace,-1024,0.662046204620462,-33.79537953795379
258,6510,3689,Queens,Woodhaven,-2821,0.5666666666666667,-43.333333333333336
259,4440,1850,Bronx,Woodlawn/Wakefield,-2590,0.4166666666666667,-58.333333333333336
260,9985,9568,Queens,Woodside,-417,0.958237356034051,-4.176264396594892
261,38994,110034,Manhattan,World Trade Center,71040,2.8218187413448224,182.18187413448223
262,257662,236027,Manhattan,Yorkville East,-21635,0.9160334081082969,-8.396659189170308
263,244711,292738,Manhattan,Yorkville West,48027,1.1962600782147104,19.626007821471042
264,17670,27465,Unknown,,9795,1.5543293718166384,55.43293718166383
265,3577,6976,,Outside of NYC,3399,1.9502376292982946,95.02376292982947
